<metadata xml:lang="en"><Esri><CreaDate>20250722</CreaDate><CreaTime>13122900</CreaTime><ArcGISFormat>1.0</ArcGISFormat><SyncOnce>FALSE</SyncOnce><DataProperties><lineage><Process ToolSource="c:\program files\arcgis\pro\Resources\ArcToolbox\toolboxes\Conversion Tools.tbx\ExportFeatures" Date="20250722" Time="131229">ExportFeatures main.grid "F:\Ali\HarvestedArea\JohnDataset\New File Geodatabase (1).gdb\PlotID2" # NOT_USE_ALIAS "id "id" true true false 100 Text 0 0,First,#,main.grid,id,0,99" #</Process><Process ToolSource="c:\program files\arcgis\pro\Resources\ArcToolbox\toolboxes\Data Management Tools.tbx\UpdateSchema" Date="20250722" Time="131305">UpdateSchema "CIMDATA=&lt;CIMStandardDataConnection xsi:type='typens:CIMStandardDataConnection' xmlns:xsi='http://www.w3.org/2001/XMLSchema-instance' xmlns:xs='http://www.w3.org/2001/XMLSchema' xmlns:typens='http://www.esri.com/schemas/ArcGIS/3.5.0'&gt;&lt;WorkspaceFactory&gt;FileGDB&lt;/WorkspaceFactory&gt;&lt;Dataset&gt;PlotID2&lt;/Dataset&gt;&lt;DatasetType&gt;esriDTFeatureClass&lt;/DatasetType&gt;&lt;/CIMStandardDataConnection&gt;" &lt;operationSequence&gt;&lt;workflow&gt;&lt;AddField&gt;&lt;field_name&gt;PlotID&lt;/field_name&gt;&lt;field_type&gt;LONG&lt;/field_type&gt;&lt;field_is_nullable&gt;True&lt;/field_is_nullable&gt;&lt;field_is_required&gt;False&lt;/field_is_required&gt;&lt;/AddField&gt;&lt;/workflow&gt;&lt;/operationSequence&gt;</Process><Process ToolSource="c:\program files\arcgis\pro\Resources\ArcToolbox\toolboxes\Data Management Tools.tbx\CalculateField" Date="20250722" Time="131351">CalculateField PlotID2 PlotID !id!.split("_")[1] PYTHON3 # TEXT NO_ENFORCE_DOMAINS</Process><Process ToolSource="c:\program files\arcgis\pro\Resources\ArcToolbox\toolboxes\Conversion Tools.tbx\ExportFeatures" Date="20250722" Time="131659">ExportFeatures PlotID2 "F:\Ali\HarvestedArea\JohnDataset\New File Geodatabase (1).gdb\PlotID3" # NOT_USE_ALIAS "id "id" true true false 100 Text 0 0,First,#,PlotID2,PlotID2.id,0,99;Shape_Length "Shape_Length" false true true 8 Double 0 0,First,#,PlotID2,PlotID2.Shape_Length,-1,-1;Shape_Area "Shape_Area" false true true 8 Double 0 0,First,#,PlotID2,PlotID2.Shape_Area,-1,-1;PlotID "PlotID" true true false 4 Long 0 0,First,#,PlotID2,PlotID2.PlotID,-1,-1;Plot "Plot" true true false 8 Double 0 0,First,#,PlotID2,Sheet$.Plot,-1,-1;ENTRY "ENTRY" true true false 8 Double 0 0,First,#,PlotID2,Sheet$.ENTRY,-1,-1;REP "REP" true true false 8 Double 0 0,First,#,PlotID2,Sheet$.REP,-1,-1;IBLK "IBLK" true true false 8 Double 0 0,First,#,PlotID2,Sheet$.IBLK,-1,-1;Rng "Rng" true true false 8 Double 0 0,First,#,PlotID2,Sheet$.Rng,-1,-1;Pas "Pas" true true false 8 Double 0 0,First,#,PlotID2,Sheet$.Pas,-1,-1;Name "Name" true true false 255 Text 0 0,First,#,PlotID2,Sheet$.Name,0,254;Identity1 "Identity1" true true false 255 Text 0 0,First,#,PlotID2,Sheet$.Identity1,0,254;Pedigree "Pedigree" true true false 255 Text 0 0,First,#,PlotID2,Sheet$.Pedigree,0,254;Experiment_Name "Experiment Name" true true false 255 Text 0 0,First,#,PlotID2,Sheet$.Experiment_Name,0,254;Origin "Origin" true true false 255 Text 0 0,First,#,PlotID2,Sheet$.Origin,0,254;Selection "Selection" true true false 255 Text 0 0,First,#,PlotID2,Sheet$.Selection,0,254;Description1 "Description1" true true false 255 Text 0 0,First,#,PlotID2,Sheet$.Description1,0,254;Year "Year" true true false 8 Double 0 0,First,#,PlotID2,Sheet$.Year,-1,-1;Location "Location" true true false 255 Text 0 0,First,#,PlotID2,Sheet$.Location,0,254;Planter "Planter" true true false 8 Double 0 0,First,#,PlotID2,Sheet$.Planter,-1,-1;Harvester "Harvester" true true false 8 Double 0 0,First,#,PlotID2,Sheet$.Harvester,-1,-1;PLOTWT "PLOTWT" true true false 8 Double 0 0,First,#,PlotID2,Sheet$.PLOTWT,-1,-1;MOIST "MOIST" true true false 8 Double 0 0,First,#,PlotID2,Sheet$.MOIST,-1,-1;FLWR "FLWR" true true false 255 Text 0 0,First,#,PlotID2,Sheet$.FLWR,0,254;HT "HT" true true false 255 Text 0 0,First,#,PlotID2,Sheet$.HT,0,254;LDG "LDG" true true false 8 Double 0 0,First,#,PlotID2,Sheet$.LDG,-1,-1;MTR "MTR" true true false 255 Text 0 0,First,#,PlotID2,Sheet$.MTR,0,254;DS "DS" true true false 8 Double 0 0,First,#,PlotID2,Sheet$.DS,-1,-1;P_FT "P_FT" true true false 8 Double 0 0,First,#,PlotID2,Sheet$.P_FT,-1,-1;NOTES "NOTES" true true false 255 Text 0 0,First,#,PlotID2,Sheet$.NOTES,0,254;CWT_A "CWT_A" true true false 8 Double 0 0,First,#,PlotID2,Sheet$.CWT_A,-1,-1;End_Plot "End Plot" true true false 255 Text 0 0,First,#,PlotID2,Sheet$.End_Plot,0,254;Check_ "Check" true true false 8 Double 0 0,First,#,PlotID2,Sheet$.Check_,-1,-1;WM "WM" true true false 8 Double 0 0,First,#,PlotID2,Sheet$.WM,-1,-1;Loc "Loc" true true false 8 Double 0 0,First,#,PlotID2,Sheet$.Loc,-1,-1;Locn "Locn" true true false 255 Text 0 0,First,#,PlotID2,Sheet$.Locn,0,254;ObjectID "ObjectID" false true false 4 Long 0 9,First,#,PlotID2,Sheet$.ObjectID,-1,-1" #</Process><Process ToolSource="c:\program files\arcgis\pro\Resources\ArcToolbox\toolboxes\Data Management Tools.tbx\DeleteIdentical" Date="20250722" Time="131712">DeleteIdentical PlotID3 PlotID # 0 #</Process><Process ToolSource="c:\program files\arcgis\pro\Resources\ArcToolbox\toolboxes\Data Management Tools.tbx\DeleteField" Date="20250722" Time="131809">DeleteField PlotID3 id;Plot;ENTRY;REP;IBLK;Rng;Pas;Name;Identity1;Pedigree;Experiment_Name;Origin;Selection;Description1;Year;Location;Planter;Harvester;FLWR;HT;LDG;MTR;DS;P_FT;NOTES;End_Plot;Check_;Loc;Locn;OBJECTID_1 DELETE_FIELDS</Process><Process ToolSource="c:\program files\arcgis\pro\Resources\ArcToolbox\toolboxes\Conversion Tools.tbx\ExportFeatures" Date="20250723" Time="114606">ExportFeatures PlotID3 "F:\Ali\HarvestedArea\JohnDataset\New File Geodatabase (1).gdb\PlotID_clip" # NOT_USE_ALIAS "PlotID "PlotID" true true false 4 Long 0 0,First,#,PlotID3,PlotID,-1,-1;PLOTWT "PLOTWT" true true false 8 Double 0 0,First,#,PlotID3,PLOTWT,-1,-1;MOIST "MOIST" true true false 8 Double 0 0,First,#,PlotID3,MOIST,-1,-1;CWT_A "CWT_A" true true false 8 Double 0 0,First,#,PlotID3,CWT_A,-1,-1;WM "WM" true true false 8 Double 0 0,First,#,PlotID3,WM,-1,-1;Shape_Length "Shape_Length" false true true 8 Double 0 0,First,#,PlotID3,Shape_Length,-1,-1;Shape_Area "Shape_Area" false true true 8 Double 0 0,First,#,PlotID3,Shape_Area,-1,-1" #</Process><Process ToolSource="c:\program files\arcgis\pro\Resources\ArcToolbox\toolboxes\Data Management Tools.tbx\CopyFeatures" Date="20250725" Time="225814">CopyFeatures PlotID_clip C:\Users\bazrafka\Desktop\clippedndvi\shp\clip.shp # # # #</Process></lineage><itemProps><itemName Sync="TRUE">clip</itemName><imsContentType Sync="TRUE">002</imsContentType><itemLocation><linkage Sync="TRUE">file://\\PSM-WPBG4RQZYS3\C$\Users\bazrafka\Desktop\clippedndvi\shp\clip.shp</linkage><protocol Sync="TRUE">Local Area Network</protocol></itemLocation><itemSize Sync="TRUE">0.000</itemSize></itemProps><coordRef><type Sync="TRUE">Projected</type><geogcsn Sync="TRUE">GCS_WGS_1984</geogcsn><csUnits Sync="TRUE">Linear Unit: Meter (1.000000)</csUnits><projcsn Sync="TRUE">WGS_1984_UTM_Zone_16N</projcsn><peXml Sync="TRUE">&lt;ProjectedCoordinateSystem xsi:type='typens:ProjectedCoordinateSystem' xmlns:xsi='http://www.w3.org/2001/XMLSchema-instance' xmlns:xs='http://www.w3.org/2001/XMLSchema' xmlns:typens='http://www.esri.com/schemas/ArcGIS/3.5.0'&gt;&lt;WKT&gt;PROJCS[&amp;quot;WGS_1984_UTM_Zone_16N&amp;quot;,GEOGCS[&amp;quot;GCS_WGS_1984&amp;quot;,DATUM[&amp;quot;D_WGS_1984&amp;quot;,SPHEROID[&amp;quot;WGS_1984&amp;quot;,6378137.0,298.257223563]],PRIMEM[&amp;quot;Greenwich&amp;quot;,0.0],UNIT[&amp;quot;Degree&amp;quot;,0.0174532925199433]],PROJECTION[&amp;quot;Transverse_Mercator&amp;quot;],PARAMETER[&amp;quot;False_Easting&amp;quot;,500000.0],PARAMETER[&amp;quot;False_Northing&amp;quot;,0.0],PARAMETER[&amp;quot;Central_Meridian&amp;quot;,-87.0],PARAMETER[&amp;quot;Scale_Factor&amp;quot;,0.9996],PARAMETER[&amp;quot;Latitude_Of_Origin&amp;quot;,0.0],UNIT[&amp;quot;Meter&amp;quot;,1.0],AUTHORITY[&amp;quot;EPSG&amp;quot;,32616]]&lt;/WKT&gt;&lt;XOrigin&gt;-5120900&lt;/XOrigin&gt;&lt;YOrigin&gt;-9998100&lt;/YOrigin&gt;&lt;XYScale&gt;450445547.3910538&lt;/XYScale&gt;&lt;ZOrigin&gt;-100000&lt;/ZOrigin&gt;&lt;ZScale&gt;10000&lt;/ZScale&gt;&lt;MOrigin&gt;-100000&lt;/MOrigin&gt;&lt;MScale&gt;10000&lt;/MScale&gt;&lt;XYTolerance&gt;0.001&lt;/XYTolerance&gt;&lt;ZTolerance&gt;0.001&lt;/ZTolerance&gt;&lt;MTolerance&gt;0.001&lt;/MTolerance&gt;&lt;HighPrecision&gt;true&lt;/HighPrecision&gt;&lt;WKID&gt;32616&lt;/WKID&gt;&lt;LatestWKID&gt;32616&lt;/LatestWKID&gt;&lt;/ProjectedCoordinateSystem&gt;</peXml></coordRef></DataProperties><SyncDate>20250725</SyncDate><SyncTime>22581400</SyncTime><ModDate>20250725</ModDate><ModTime>22581400</ModTime></Esri><dataIdInfo><envirDesc Sync="TRUE">Microsoft Windows 10 Version 10.0 (Build 26100) ; Esri ArcGIS 13.5.0.57366</envirDesc><dataLang><languageCode value="eng" Sync="TRUE"></languageCode><countryCode value="USA" Sync="TRUE"></countryCode></dataLang><idCitation><resTitle Sync="TRUE">clip</resTitle><presForm><PresFormCd value="005" Sync="TRUE"></PresFormCd></presForm></idCitation><spatRpType><SpatRepTypCd value="001" Sync="TRUE"></SpatRepTypCd></spatRpType></dataIdInfo><mdLang><languageCode value="eng" Sync="TRUE"></languageCode><countryCode value="USA" Sync="TRUE"></countryCode></mdLang><distInfo><distFormat><formatName Sync="TRUE">Shapefile</formatName></distFormat><distTranOps><transSize Sync="TRUE">0.000</transSize></distTranOps></distInfo><mdHrLv><ScopeCd value="005" Sync="TRUE"></ScopeCd></mdHrLv><mdHrLvName Sync="TRUE">dataset</mdHrLvName><refSysInfo><RefSystem><refSysID><identCode code="32616" Sync="TRUE"></identCode><idCodeSpace Sync="TRUE">EPSG</idCodeSpace><idVersion Sync="TRUE">9.8.8(3.0.1)</idVersion></refSysID></RefSystem></refSysInfo><spatRepInfo><VectSpatRep><geometObjs Name="clip"><geoObjTyp><GeoObjTypCd value="002" Sync="TRUE"></GeoObjTypCd></geoObjTyp><geoObjCnt Sync="TRUE">0</geoObjCnt></geometObjs><topLvl><TopoLevCd value="001" Sync="TRUE"></TopoLevCd></topLvl></VectSpatRep></spatRepInfo><spdoinfo><ptvctinf><esriterm Name="clip"><efeatyp Sync="TRUE">Simple</efeatyp><efeageom code="4" Sync="TRUE"></efeageom><esritopo Sync="TRUE">FALSE</esritopo><efeacnt Sync="TRUE">0</efeacnt><spindex Sync="TRUE">FALSE</spindex><linrefer Sync="TRUE">FALSE</linrefer></esriterm></ptvctinf></spdoinfo><eainfo><detailed Name="clip"><enttyp><enttypl Sync="TRUE">clip</enttypl><enttypt Sync="TRUE">Feature Class</enttypt><enttypc Sync="TRUE">0</enttypc></enttyp><attr><attrlabl Sync="TRUE">FID</attrlabl><attalias Sync="TRUE">FID</attalias><attrtype Sync="TRUE">OID</attrtype><attwidth Sync="TRUE">4</attwidth><atprecis Sync="TRUE">0</atprecis><attscale Sync="TRUE">0</attscale><attrdef Sync="TRUE">Internal feature number.</attrdef><attrdefs Sync="TRUE">Esri</attrdefs><attrdomv><udom Sync="TRUE">Sequential unique whole numbers that are automatically generated.</udom></attrdomv></attr><attr><attrlabl Sync="TRUE">Shape</attrlabl><attalias Sync="TRUE">Shape</attalias><attrtype Sync="TRUE">Geometry</attrtype><attwidth Sync="TRUE">0</attwidth><atprecis Sync="TRUE">0</atprecis><attscale Sync="TRUE">0</attscale><attrdef Sync="TRUE">Feature geometry.</attrdef><attrdefs Sync="TRUE">Esri</attrdefs><attrdomv><udom Sync="TRUE">Coordinates defining the features.</udom></attrdomv></attr><attr><attrlabl Sync="TRUE">PlotID</attrlabl><attalias Sync="TRUE">PlotID</attalias><attrtype Sync="TRUE">Integer</attrtype><attwidth Sync="TRUE">10</attwidth><atprecis Sync="TRUE">10</atprecis><attscale Sync="TRUE">0</attscale></attr><attr><attrlabl Sync="TRUE">PLOTWT</attrlabl><attalias Sync="TRUE">PLOTWT</attalias><attrtype Sync="TRUE">Double</attrtype><attwidth Sync="TRUE">19</attwidth><atprecis Sync="TRUE">0</atprecis><attscale Sync="TRUE">0</attscale></attr><attr><attrlabl Sync="TRUE">MOIST</attrlabl><attalias Sync="TRUE">MOIST</attalias><attrtype Sync="TRUE">Double</attrtype><attwidth Sync="TRUE">19</attwidth><atprecis Sync="TRUE">0</atprecis><attscale Sync="TRUE">0</attscale></attr><attr><attrlabl Sync="TRUE">CWT_A</attrlabl><attalias Sync="TRUE">CWT_A</attalias><attrtype Sync="TRUE">Double</attrtype><attwidth Sync="TRUE">19</attwidth><atprecis Sync="TRUE">0</atprecis><attscale Sync="TRUE">0</attscale></attr><attr><attrlabl Sync="TRUE">WM</attrlabl><attalias Sync="TRUE">WM</attalias><attrtype Sync="TRUE">Double</attrtype><attwidth Sync="TRUE">19</attwidth><atprecis Sync="TRUE">0</atprecis><attscale Sync="TRUE">0</attscale></attr><attr><attrlabl Sync="TRUE">Shape_Leng</attrlabl><attalias Sync="TRUE">Shape_Leng</attalias><attrtype Sync="TRUE">Double</attrtype><attwidth Sync="TRUE">19</attwidth><atprecis Sync="TRUE">0</atprecis><attscale Sync="TRUE">0</attscale></attr><attr><attrlabl Sync="TRUE">Shape_Area</attrlabl><attalias Sync="TRUE">Shape_Area</attalias><attrtype Sync="TRUE">Double</attrtype><attwidth Sync="TRUE">19</attwidth><atprecis Sync="TRUE">0</atprecis><attscale Sync="TRUE">0</attscale><attrdef Sync="TRUE">Area of feature in internal units squared.</attrdef><attrdefs Sync="TRUE">Esri</attrdefs><attrdomv><udom Sync="TRUE">Positive real numbers that are automatically generated.</udom></attrdomv></attr></detailed></eainfo><mdDateSt Sync="TRUE">20250725</mdDateSt></metadata>
